{
  "os-linux": {
    "alpine": [
      "linux/amd64",
      "linux/arm64",
      "linux/s390x",
      "linux/ppc64le",
      "linux/riscv64"
    ],
    "centos": [
      "linux/amd64",
      "linux/arm64",
      "linux/ppc64le"
    ],
    "ol": [
      "linux/amd64",
      "linux/arm64"
    ],
    "rhel": [
      "X64",
      "ARM64"
    ],
    "ubuntu": [
      "linux/amd64",
      "linux/arm64",
      "linux/ppc64le"
    ]
  },
  "os-windows": {
    "windows-2022": "ltsc2022"
  },
  "components": {
    "agent": { "base": "build-mysql", "rhel": true },
    "agent2": { "base": "build-mysql", "rhel": true },
    "java-gateway": { "base": "build-mysql", "rhel": true },
    "proxy-mysql": { "base": "build-mysql", "rhel": true },
    "proxy-sqlite3": { "base": "build-sqlite3", "rhel": true },
    "server-mysql": { "base": "build-mysql", "rhel": true },
    "server-pgsql": { "base": "build-pgsql", "rhel": true },
    "snmptraps": { "base": "", "rhel": true },
    "web-apache-mysql": { "base": "build-mysql", "rhel": false },
    "web-apache-pgsql": { "base": "build-pgsql", "rhel": false },
    "web-nginx-mysql": { "base": "build-mysql", "rhel": true },
    "web-nginx-pgsql": { "base": "build-mysql", "rhel": true },
    "web-service": { "base": "build-mysql", "rhel": true }
  }
}
